{"name":"tca-analysis","description":"TCA Analysis 微前端","commitId":"964bdf1ab6fd6786daa1d9a78c57a87f3ae5680b","match":"^/t/[^/]+/p/[^/]+/(code-analysis|repos|template|profile|group)","js":["/static/tca-analysis/runtime~tca-analysis-749a7dad.js","/static/tca-analysis/vendors~tca-analysis-7f52f6b6.js","/static/tca-analysis/tca-analysis-c16bc140.js"],"css":["/static/tca-analysis/vendors~tca-analysis-9b6df0cb.css","/static/tca-analysis/tca-analysis-ccdaf2cb.css"],"prefix":["/static/tca-analysis/"]}