{"name":"tca-analysis","description":"TCA Analysis 微前端","prefix":["/static/tca-analysis/"],"commitId":"13bb58f5de803505e909e935fa1e66f1cf9d0982","match":"^/t/[^/]+/p/[^/]+/(code-analysis|repos|template|profile|group)|^/t/[^/]+/template","js":["/static/tca-analysis/runtime~tca-analysis-926ef151.js","/static/tca-analysis/vendors~tca-analysis-987173d9.js","/static/tca-analysis/tca-analysis-e6488512.js"],"css":["/static/tca-analysis/vendors~tca-analysis-05bc5c58.css","/static/tca-analysis/tca-analysis-db21f5ac.css"]}