{"name":"tca-analysis","description":"TCA Analysis 微前端","commitId":"e0032d0afa555b1cd8cc532c880e45e488b94d72","match":"^/t/[^/]+/p/[^/]+/(code-analysis|repos|template|profile|group)","js":["/static/tca-analysis/runtime~tca-analysis-ee70aba9.js","/static/tca-analysis/vendors~tca-analysis-a4f01916.js","/static/tca-analysis/tca-analysis-cc7bc3be.js"],"css":["/static/tca-analysis/vendors~tca-analysis-9b6df0cb.css","/static/tca-analysis/tca-analysis-760cc9cd.css"],"prefix":["/static/tca-analysis/"]}