{"name":"tca-analysis","description":"TCA Analysis 微前端","prefix":["/static/tca-analysis/"],"commitId":"9a23058cb92010bd23d9ee804d65f2437d90a858","match":"^/t/[^/]+/p/[^/]+/(code-analysis|repos|template|profile|group)|^/t/[^/]+/template","js":["/static/tca-analysis/runtime~tca-analysis-e5169baf.js","/static/tca-analysis/vendors~tca-analysis-ac8c3771.js","/static/tca-analysis/tca-analysis-2c18dc6c.js"],"css":["/static/tca-analysis/vendors~tca-analysis-87dbf54c.css","/static/tca-analysis/tca-analysis-80623df4.css"]}