{"name":"tca-analysis","description":"TCA Analysis 微前端","commitId":"e98bce94bbd053027471a2a3e56ac073394d18c7","match":"^/t/[^/]+/p/[^/]+/(code-analysis|repos|template|profile|group)","js":["/static/tca-analysis/runtime~tca-analysis-65261c34.js","/static/tca-analysis/vendors~tca-analysis-3aeddef2.js","/static/tca-analysis/tca-analysis-4165cd7d.js"],"css":["/static/tca-analysis/vendors~tca-analysis-9b6df0cb.css","/static/tca-analysis/tca-analysis-5c6a4a61.css"],"prefix":["/static/tca-analysis/"]}