{"name":"tca-analysis","description":"TCA Analysis 微前端","commitId":"74b8d27f11cd06c37e3381dcc9ca5ac53ef755fd","match":"^/t/[^/]+/p/[^/]+/(code-analysis|repos|template|profile|group)","js":["/static/tca-analysis/runtime~tca-analysis-749a7dad.js","/static/tca-analysis/vendors~tca-analysis-7f52f6b6.js","/static/tca-analysis/tca-analysis-07af848b.js"],"css":["/static/tca-analysis/vendors~tca-analysis-9b6df0cb.css","/static/tca-analysis/tca-analysis-ccdaf2cb.css"],"prefix":["/static/tca-analysis/"]}