{"name":"tca-analysis","description":"TCA Analysis 微前端","commitId":"3949bd1ed1dd0e1286c00ab4656498d481a2194d","match":"^/t/[^/]+/p/[^/]+/(code-analysis|repos|template|profile|group)","js":["/static/tca-analysis/runtime~tca-analysis-65261c34.js","/static/tca-analysis/vendors~tca-analysis-e6b814bb.js","/static/tca-analysis/tca-analysis-f97b8445.js"],"css":["/static/tca-analysis/vendors~tca-analysis-9b6df0cb.css","/static/tca-analysis/tca-analysis-1988dc61.css"],"prefix":["/static/tca-analysis/"]}