{"name":"tca-analysis","description":"TCA Analysis 微前端","commitId":"b949d0f432cb616231f531a44bce6b457b454d51","match":"^/t/[^/]+/p/[^/]+/(code-analysis|repos|template|profile|group)","js":["/static/tca-analysis/runtime~tca-analysis-ee70aba9.js","/static/tca-analysis/vendors~tca-analysis-4d35a288.js","/static/tca-analysis/tca-analysis-5ccbca7e.js"],"css":["/static/tca-analysis/vendors~tca-analysis-9b6df0cb.css","/static/tca-analysis/tca-analysis-fbc8addf.css"],"prefix":["/static/tca-analysis/"]}