{"name":"tca-analysis","description":"TCA Analysis 微前端","commitId":"8e0c5bbf2b3c192dc856a5da2731bf649753e376","match":"^/t/[^/]+/p/[^/]+/(code-analysis|repos|template|profile|group)","js":["/static/tca-analysis/runtime~tca-analysis-ee70aba9.js","/static/tca-analysis/vendors~tca-analysis-c157d2ff.js","/static/tca-analysis/tca-analysis-c06ab6be.js"],"css":["/static/tca-analysis/vendors~tca-analysis-9b6df0cb.css","/static/tca-analysis/tca-analysis-5c6a4a61.css"],"prefix":["/static/tca-analysis/"]}