{"name":"tca-analysis","description":"TCA Analysis 微前端","commitId":"f7cd531afb070241f8393058abc278e763c7042a","match":"^/t/[^/]+/p/[^/]+/(code-analysis|repos|template|profile|group)","js":["/static/tca-analysis/runtime~tca-analysis-ee70aba9.js","/static/tca-analysis/vendors~tca-analysis-4d35a288.js","/static/tca-analysis/tca-analysis-e7cf0336.js"],"css":["/static/tca-analysis/vendors~tca-analysis-9b6df0cb.css","/static/tca-analysis/tca-analysis-3c510ffb.css"],"prefix":["/static/tca-analysis/"]}