{"name":"tca-analysis","description":"TCA Analysis 微前端","prefix":["/static/tca-analysis/"],"commitId":"da5c38a8b30acfa24a161b93e618cc0aa10c8a07","match":"^/t/[^/]+/p/[^/]+/(code-analysis|repos|template|profile|group)|^/t/[^/]+/template","js":["/static/tca-analysis/runtime~tca-analysis-cce61881.js","/static/tca-analysis/vendors~tca-analysis-d3ec28a1.js","/static/tca-analysis/tca-analysis-00fae01c.js"],"css":["/static/tca-analysis/vendors~tca-analysis-7ab9f253.css","/static/tca-analysis/tca-analysis-9d8f7588.css"]}