{"name":"tca-analysis","description":"TCA Analysis 微前端","prefix":["/static/tca-analysis/"],"commitId":"6154d99d26c5c11c06ff08a1136d0ffa8e9b992e","match":"^/t/[^/]+/p/[^/]+/(code-analysis|repos|template|profile|group)|^/t/[^/]+/template","js":["/static/tca-analysis/runtime~tca-analysis-e5169baf.js","/static/tca-analysis/vendors~tca-analysis-bff06498.js","/static/tca-analysis/tca-analysis-706148f2.js"],"css":["/static/tca-analysis/vendors~tca-analysis-87dbf54c.css","/static/tca-analysis/tca-analysis-fd1fb808.css"]}