{"name":"tca-analysis","description":"TCA Analysis 微前端","commitId":"5816721ba7b4f280f7aa5a150353c8c8a0e3b270","match":"^/t/[^/]+/p/[^/]+/(code-analysis|repos|template|profile|group)","js":["/static/tca-analysis/runtime~tca-analysis-749a7dad.js","/static/tca-analysis/vendors~tca-analysis-7f52f6b6.js","/static/tca-analysis/tca-analysis-79d5562b.js"],"css":["/static/tca-analysis/vendors~tca-analysis-9b6df0cb.css","/static/tca-analysis/tca-analysis-ccdaf2cb.css"],"prefix":["/static/tca-analysis/"]}