{"name":"tca-analysis","description":"TCA Analysis 微前端","commitId":"7c794f83fd257f09033286cd287f92aa4116021b","match":"^/t/[^/]+/p/[^/]+/(code-analysis|repos|template|profile|group)","js":["/static/tca-analysis/runtime~tca-analysis-ee70aba9.js","/static/tca-analysis/vendors~tca-analysis-4d35a288.js","/static/tca-analysis/tca-analysis-2b484c44.js"],"css":["/static/tca-analysis/vendors~tca-analysis-9b6df0cb.css","/static/tca-analysis/tca-analysis-9a8c7f3a.css"],"prefix":["/static/tca-analysis/"]}