{"name":"tca-analysis","description":"TCA Analysis 微前端","prefix":["/static/tca-analysis/"],"commitId":"9a5f5ded6d36c8b5c6c58873cdbec5a859031b25","match":"^/t/[^/]+/p/[^/]+/(code-analysis|repos|template|profile|group)|^/t/[^/]+/template","js":["/static/tca-analysis/runtime~tca-analysis-cce61881.js","/static/tca-analysis/vendors~tca-analysis-d3ec28a1.js","/static/tca-analysis/tca-analysis-238d5597.js"],"css":["/static/tca-analysis/vendors~tca-analysis-7ab9f253.css","/static/tca-analysis/tca-analysis-9d8f7588.css"]}