{"name":"tca-analysis","description":"TCA Analysis 微前端","commitId":"f4a20c87b0ba1b1150e216163b3fa3188982ad6c","match":"^/t/[^/]+/p/[^/]+/(code-analysis|repos|template|profile|group)","js":["/static/tca-analysis/runtime~tca-analysis-ee70aba9.js","/static/tca-analysis/vendors~tca-analysis-4d35a288.js","/static/tca-analysis/tca-analysis-5fad4bee.js"],"css":["/static/tca-analysis/vendors~tca-analysis-9b6df0cb.css","/static/tca-analysis/tca-analysis-6038b451.css"],"prefix":["/static/tca-analysis/"]}