{"name":"tca-analysis","description":"TCA Analysis 微前端","commitId":"cb1e72f9de738f52ecc6ad759b00579d4091e094","match":"^/t/[^/]+/p/[^/]+/(code-analysis|repos|template|profile|group)","js":["/static/tca-analysis/runtime~tca-analysis-786d43d7.js","/static/tca-analysis/vendors~tca-analysis-58a1eb98.js","/static/tca-analysis/tca-analysis-3f7e60e9.js"],"css":["/static/tca-analysis/vendors~tca-analysis-5ad90a5b.css","/static/tca-analysis/tca-analysis-10b22c1d.css"],"prefix":["/static/tca-analysis/"]}